theme_index,theme_name,description,destination_pool,excludable_destinations,mentioned_cities,confirmed_available,price_min,price_max,price_raw,price_per_person,cabin_classes,flight_times,direct_flights_only,pride_cities_found,url,screenshot_path,extraction_warnings
0,Ihre Auswahl,"Sie können 1 bis 42 Tage vor Reiseantritt buchen (Mindestaufenthalt 18 Stunden für eine Übernachtung und 36 Stunden für zwei Übernachtungen). Je flexibler Sie sind, desto günstiger sind die Preise.",,Dublin | Bilbao | Valencia | Göteborg | Oslo | Luxemburg | Palma de Mallorca | Asturias | Lamezia Terme,Einzelheiten | Ihre Auswahl | Lufthansa Surprise | Buchungsinformationen Sie | Preis | Der Preis | Ihr Ticket | Anzahl | Städte | Zeitparameter | Alle | Flüge | Nonstop | Flüge Sie | Tage | Abflug | Mindestaufenthalt | Stunden | Übernachtung | Stunden | Übernachtungen | Ihr Ziel | Ende | Buchungsprozesses | Sie Zeit | Ihre Reise | Vorbereitung | Bitte | Sie | Passagiere | Gültigkeit | Vollständigkeit | Flugziele | Reisedokumente | Mehr | Surprise Frankfurt | Main | Einfach | Hier | Sie | Destinationen | Ihre Reise | Sie | Preis | Sie | Destinationen | Deaktivieren Sie | Kontrollkästchen | Sie | Ziele | Ohne Ausschluss | Zielen | Sie | Preis | Dublin Bilbao | Valencia Göteborg | Oslo Luxemburg | Palma | Mallorca Asturias | Geben Sie | Ihre Reisedaten | Sie | Tage | Reiseantritt | Mindestaufenthalt | Stunden | Übernachtung | Stunden | Übernachtungen | Sie | Preise | Reiseklasse Frühester | Hinflug Spätester | Rückflug Volle | Flexibilität Keine | Flüge | Uhr Nur | Flüge | Uhr Zeit | Volle Flexibilität | Freitag | Sonntag Samstag | Montag Samstag | Sonntag Wochenend | Optionen | Übernachtungen | Übernachtungen | Preis | Hin | Rückflug | Passagiere | Steuern | Gebühren | Zuschläge | Günstigster Preis | Gesamtpreis | Zurück Weiter | Lufthansa Surprise | Deal Vergleichen | Sie | Flugangebote | Frankfurt | Main | Für Details | Fläche | Palma | Mallorca | Diese Informationen | Gewähr | Impressum | Passagierrechte Datenschutz | Nutzungsbedingungen Kontakt,,109.0,,"109,00",,,,True,,https://www.lufthansa-surprise.com/compose-trip,artifacts\screenshots\theme_00_ihre_auswahl_1785784011.png,"Unconfirmed city mentions in text (not bookable): ['Einzelheiten', 'Ihre Auswahl', 'Lufthansa Surprise', 'Buchungsinformationen Sie', 'Preis', 'Der Preis', 'Ihr Ticket', 'Anzahl', 'Städte', 'Zeitparameter', 'Alle', 'Flüge', 'Nonstop', 'Flüge Sie', 'Tage', 'Abflug', 'Mindestaufenthalt', 'Stunden', 'Übernachtung', 'Stunden', 'Übernachtungen', 'Ihr Ziel', 'Ende', 'Buchungsprozesses', 'Sie Zeit', 'Ihre Reise', 'Vorbereitung', 'Bitte', 'Sie', 'Passagiere', 'Gültigkeit', 'Vollständigkeit', 'Flugziele', 'Reisedokumente', 'Mehr', 'Surprise Frankfurt', 'Main', 'Einfach', 'Hier', 'Sie', 'Destinationen', 'Ihre Reise', 'Sie', 'Preis', 'Sie', 'Destinationen', 'Deaktivieren Sie', 'Kontrollkästchen', 'Sie', 'Ziele', 'Ohne Ausschluss', 'Zielen', 'Sie', 'Preis', 'Dublin Bilbao', 'Valencia Göteborg', 'Oslo Luxemburg', 'Palma', 'Mallorca Asturias', 'Geben Sie', 'Ihre Reisedaten', 'Sie', 'Tage', 'Reiseantritt', 'Mindestaufenthalt', 'Stunden', 'Übernachtung', 'Stunden', 'Übernachtungen', 'Sie', 'Preise', 'Reiseklasse Frühester', 'Hinflug Spätester', 'Rückflug Volle', 'Flexibilität Keine', 'Flüge', 'Uhr Nur', 'Flüge', 'Uhr Zeit', 'Volle Flexibilität', 'Freitag', 'Sonntag Samstag', 'Montag Samstag', 'Sonntag Wochenend', 'Optionen', 'Übernachtungen', 'Übernachtungen', 'Preis', 'Hin', 'Rückflug', 'Passagiere', 'Steuern', 'Gebühren', 'Zuschläge', 'Günstigster Preis', 'Gesamtpreis', 'Zurück Weiter', 'Lufthansa Surprise', 'Deal Vergleichen', 'Sie', 'Flugangebote', 'Frankfurt', 'Main', 'Für Details', 'Fläche', 'Palma', 'Mallorca', 'Diese Informationen', 'Gewähr', 'Impressum', 'Passagierrechte Datenschutz', 'Nutzungsbedingungen Kontakt']"
1,Ihre Auswahl,"Sie können 1 bis 42 Tage vor Reiseantritt buchen (Mindestaufenthalt 18 Stunden für eine Übernachtung und 36 Stunden für zwei Übernachtungen). Je flexibler Sie sind, desto günstiger sind die Preise.",,Riga | Vilnius | Danzig | Posen | Tallinn | Bydgoszcz | Thessaloniki | Rijeka | Kalamata,Einzelheiten | Ihre Auswahl | Lufthansa Surprise | Buchungsinformationen Sie | Preis | Der Preis | Ihr Ticket | Anzahl | Städte | Zeitparameter | Alle | Flüge | Nonstop | Flüge Sie | Tage | Abflug | Mindestaufenthalt | Stunden | Übernachtung | Stunden | Übernachtungen | Ihr Ziel | Ende | Buchungsprozesses | Sie Zeit | Ihre Reise | Vorbereitung | Bitte | Sie | Passagiere | Gültigkeit | Vollständigkeit | Flugziele | Reisedokumente | Mehr | Surprise Frankfurt | Main | Überraschend | Hier | Sie | Destinationen | Ihre Reise | Sie | Preis | Sie | Destinationen | Deaktivieren Sie | Kontrollkästchen | Sie | Ziele | Ohne Ausschluss | Zielen | Sie | Preis | Riga Vilnius | Danzig Posen | Tallinn Bydgoszcz | Thessaloniki Rijeka | Kalamata Geben | Sie Ihre | Reisedaten | Sie | Tage | Reiseantritt | Mindestaufenthalt | Stunden | Übernachtung | Stunden | Übernachtungen | Sie | Preise | Reiseklasse Frühester | Hinflug Spätester | Rückflug Volle | Flexibilität Keine | Flüge | Uhr Nur | Flüge | Uhr Zeit | Volle Flexibilität | Freitag | Sonntag Samstag | Montag Samstag | Sonntag Wochenend | Optionen | Übernachtungen | Übernachtungen | Preis | Hin | Rückflug | Passagiere | Steuern | Gebühren | Zuschläge | Günstigster Preis | Gesamtpreis | Zurück Weiter | Lufthansa Surprise | Deal Vergleichen | Sie | Flugangebote | Frankfurt | Main | Für Details | Fläche | Diese Informationen | Gewähr | Impressum | Passagierrechte Datenschutz | Nutzungsbedingungen Kontakt,,119.0,,"119,00",,,,True,,https://www.lufthansa-surprise.com/compose-trip,artifacts\screenshots\theme_01_ihre_auswahl_1785784027.png,"Unconfirmed city mentions in text (not bookable): ['Einzelheiten', 'Ihre Auswahl', 'Lufthansa Surprise', 'Buchungsinformationen Sie', 'Preis', 'Der Preis', 'Ihr Ticket', 'Anzahl', 'Städte', 'Zeitparameter', 'Alle', 'Flüge', 'Nonstop', 'Flüge Sie', 'Tage', 'Abflug', 'Mindestaufenthalt', 'Stunden', 'Übernachtung', 'Stunden', 'Übernachtungen', 'Ihr Ziel', 'Ende', 'Buchungsprozesses', 'Sie Zeit', 'Ihre Reise', 'Vorbereitung', 'Bitte', 'Sie', 'Passagiere', 'Gültigkeit', 'Vollständigkeit', 'Flugziele', 'Reisedokumente', 'Mehr', 'Surprise Frankfurt', 'Main', 'Überraschend', 'Hier', 'Sie', 'Destinationen', 'Ihre Reise', 'Sie', 'Preis', 'Sie', 'Destinationen', 'Deaktivieren Sie', 'Kontrollkästchen', 'Sie', 'Ziele', 'Ohne Ausschluss', 'Zielen', 'Sie', 'Preis', 'Riga Vilnius', 'Danzig Posen', 'Tallinn Bydgoszcz', 'Thessaloniki Rijeka', 'Kalamata Geben', 'Sie Ihre', 'Reisedaten', 'Sie', 'Tage', 'Reiseantritt', 'Mindestaufenthalt', 'Stunden', 'Übernachtung', 'Stunden', 'Übernachtungen', 'Sie', 'Preise', 'Reiseklasse Frühester', 'Hinflug Spätester', 'Rückflug Volle', 'Flexibilität Keine', 'Flüge', 'Uhr Nur', 'Flüge', 'Uhr Zeit', 'Volle Flexibilität', 'Freitag', 'Sonntag Samstag', 'Montag Samstag', 'Sonntag Wochenend', 'Optionen', 'Übernachtungen', 'Übernachtungen', 'Preis', 'Hin', 'Rückflug', 'Passagiere', 'Steuern', 'Gebühren', 'Zuschläge', 'Günstigster Preis', 'Gesamtpreis', 'Zurück Weiter', 'Lufthansa Surprise', 'Deal Vergleichen', 'Sie', 'Flugangebote', 'Frankfurt', 'Main', 'Für Details', 'Fläche', 'Diese Informationen', 'Gewähr', 'Impressum', 'Passagierrechte Datenschutz', 'Nutzungsbedingungen Kontakt']"
2,Ihre Auswahl,"Sie können 1 bis 42 Tage vor Reiseantritt buchen (Mindestaufenthalt 18 Stunden für eine Übernachtung und 36 Stunden für zwei Übernachtungen). Je flexibler Sie sind, desto günstiger sind die Preise.",,Mailand | Madrid | Sofia | Porto | Malta | Malaga | Alicante | Tirana | Olbia | Cagliari,Einzelheiten | Ihre Auswahl | Lufthansa Surprise | Buchungsinformationen Sie | Preis | Der Preis | Ihr Ticket | Anzahl | Städte | Zeitparameter | Alle | Flüge | Nonstop | Flüge Sie | Tage | Abflug | Mindestaufenthalt | Stunden | Übernachtung | Stunden | Übernachtungen | Ihr Ziel | Ende | Buchungsprozesses | Sie Zeit | Ihre Reise | Vorbereitung | Bitte | Sie | Passagiere | Gültigkeit | Vollständigkeit | Flugziele | Reisedokumente | Mehr | Surprise Frankfurt | Main | Sonnenziele Hier | Sie | Destinationen | Ihre Reise | Sie | Preis | Sie | Destinationen | Deaktivieren Sie | Kontrollkästchen | Sie | Ziele | Ohne Ausschluss | Zielen | Sie | Preis | Mailand Madrid | Sofia Porto | Malta Malaga | Alicante Tirana | Olbia Cagliari | Geben Sie | Ihre Reisedaten | Sie | Tage | Reiseantritt | Mindestaufenthalt | Stunden | Übernachtung | Stunden | Übernachtungen | Sie | Preise | Reiseklasse Frühester | Hinflug Spätester | Rückflug Volle | Flexibilität Keine | Flüge | Uhr Nur | Flüge | Uhr Zeit | Volle Flexibilität | Freitag | Sonntag Samstag | Montag Samstag | Sonntag Wochenend | Optionen | Übernachtungen | Übernachtungen | Preis | Hin | Rückflug | Passagiere | Steuern | Gebühren | Zuschläge | Günstigster Preis | Gesamtpreis | Zurück Weiter | Lufthansa Surprise | Deal Vergleichen | Sie | Flugangebote | Frankfurt | Main | Für Details | Fläche | Diese Informationen | Gewähr | Impressum | Passagierrechte Datenschutz | Nutzungsbedingungen Kontakt,,119.0,,"119,00",,,,True,,https://www.lufthansa-surprise.com/compose-trip,artifacts\screenshots\theme_02_ihre_auswahl_1785784039.png,"Unconfirmed city mentions in text (not bookable): ['Einzelheiten', 'Ihre Auswahl', 'Lufthansa Surprise', 'Buchungsinformationen Sie', 'Preis', 'Der Preis', 'Ihr Ticket', 'Anzahl', 'Städte', 'Zeitparameter', 'Alle', 'Flüge', 'Nonstop', 'Flüge Sie', 'Tage', 'Abflug', 'Mindestaufenthalt', 'Stunden', 'Übernachtung', 'Stunden', 'Übernachtungen', 'Ihr Ziel', 'Ende', 'Buchungsprozesses', 'Sie Zeit', 'Ihre Reise', 'Vorbereitung', 'Bitte', 'Sie', 'Passagiere', 'Gültigkeit', 'Vollständigkeit', 'Flugziele', 'Reisedokumente', 'Mehr', 'Surprise Frankfurt', 'Main', 'Sonnenziele Hier', 'Sie', 'Destinationen', 'Ihre Reise', 'Sie', 'Preis', 'Sie', 'Destinationen', 'Deaktivieren Sie', 'Kontrollkästchen', 'Sie', 'Ziele', 'Ohne Ausschluss', 'Zielen', 'Sie', 'Preis', 'Mailand Madrid', 'Sofia Porto', 'Malta Malaga', 'Alicante Tirana', 'Olbia Cagliari', 'Geben Sie', 'Ihre Reisedaten', 'Sie', 'Tage', 'Reiseantritt', 'Mindestaufenthalt', 'Stunden', 'Übernachtung', 'Stunden', 'Übernachtungen', 'Sie', 'Preise', 'Reiseklasse Frühester', 'Hinflug Spätester', 'Rückflug Volle', 'Flexibilität Keine', 'Flüge', 'Uhr Nur', 'Flüge', 'Uhr Zeit', 'Volle Flexibilität', 'Freitag', 'Sonntag Samstag', 'Montag Samstag', 'Sonntag Wochenend', 'Optionen', 'Übernachtungen', 'Übernachtungen', 'Preis', 'Hin', 'Rückflug', 'Passagiere', 'Steuern', 'Gebühren', 'Zuschläge', 'Günstigster Preis', 'Gesamtpreis', 'Zurück Weiter', 'Lufthansa Surprise', 'Deal Vergleichen', 'Sie', 'Flugangebote', 'Frankfurt', 'Main', 'Für Details', 'Fläche', 'Diese Informationen', 'Gewähr', 'Impressum', 'Passagierrechte Datenschutz', 'Nutzungsbedingungen Kontakt']"
3,Ihre Auswahl,"Sie können 1 bis 42 Tage vor Reiseantritt buchen (Mindestaufenthalt 18 Stunden für eine Übernachtung und 36 Stunden für zwei Übernachtungen). Je flexibler Sie sind, desto günstiger sind die Preise.",,Florenz | Prag | Warschau | Breslau | Helsinki | Bologna | Krakau | Basel | Sarajevo | Mailand | Pula,Einzelheiten | Ihre Auswahl | Lufthansa Surprise | Buchungsinformationen Sie | Preis | Der Preis | Ihr Ticket | Anzahl | Städte | Zeitparameter | Alle | Flüge | Nonstop | Flüge Sie | Tage | Abflug | Mindestaufenthalt | Stunden | Übernachtung | Stunden | Übernachtungen | Ihr Ziel | Ende | Buchungsprozesses | Sie Zeit | Ihre Reise | Vorbereitung | Bitte | Sie | Passagiere | Gültigkeit | Vollständigkeit | Flugziele | Reisedokumente | Mehr | Surprise Frankfurt | Main | Kunst | Kultur Hier | Sie | Destinationen | Ihre Reise | Sie | Preis | Sie | Destinationen | Deaktivieren Sie | Kontrollkästchen | Sie | Ziele | Ohne Ausschluss | Zielen | Sie | Preis | Florenz Prag | Warschau Breslau | Helsinki Bologna | Krakau Basel | Sarajevo Mailand | Pula Geben | Sie Ihre | Reisedaten | Sie | Tage | Reiseantritt | Mindestaufenthalt | Stunden | Übernachtung | Stunden | Übernachtungen | Sie | Preise | Reiseklasse Frühester | Hinflug Spätester | Rückflug Volle | Flexibilität Keine | Flüge | Uhr Nur | Flüge | Uhr Zeit | Volle Flexibilität | Freitag | Sonntag Samstag | Montag Samstag | Sonntag Wochenend | Optionen | Übernachtungen | Übernachtungen | Preis | Hin | Rückflug | Passagiere | Steuern | Gebühren | Zuschläge | Günstigster Preis | Gesamtpreis | Zurück Weiter | Lufthansa Surprise | Deal Vergleichen | Sie | Flugangebote | Frankfurt | Main | Für Details | Fläche | Diese Informationen | Gewähr | Impressum | Passagierrechte Datenschutz | Nutzungsbedingungen Kontakt,,129.0,,"129,00",,,,True,Prag,https://www.lufthansa-surprise.com/compose-trip,artifacts\screenshots\theme_03_ihre_auswahl_1785784052.png,"Unconfirmed city mentions in text (not bookable): ['Einzelheiten', 'Ihre Auswahl', 'Lufthansa Surprise', 'Buchungsinformationen Sie', 'Preis', 'Der Preis', 'Ihr Ticket', 'Anzahl', 'Städte', 'Zeitparameter', 'Alle', 'Flüge', 'Nonstop', 'Flüge Sie', 'Tage', 'Abflug', 'Mindestaufenthalt', 'Stunden', 'Übernachtung', 'Stunden', 'Übernachtungen', 'Ihr Ziel', 'Ende', 'Buchungsprozesses', 'Sie Zeit', 'Ihre Reise', 'Vorbereitung', 'Bitte', 'Sie', 'Passagiere', 'Gültigkeit', 'Vollständigkeit', 'Flugziele', 'Reisedokumente', 'Mehr', 'Surprise Frankfurt', 'Main', 'Kunst', 'Kultur Hier', 'Sie', 'Destinationen', 'Ihre Reise', 'Sie', 'Preis', 'Sie', 'Destinationen', 'Deaktivieren Sie', 'Kontrollkästchen', 'Sie', 'Ziele', 'Ohne Ausschluss', 'Zielen', 'Sie', 'Preis', 'Florenz Prag', 'Warschau Breslau', 'Helsinki Bologna', 'Krakau Basel', 'Sarajevo Mailand', 'Pula Geben', 'Sie Ihre', 'Reisedaten', 'Sie', 'Tage', 'Reiseantritt', 'Mindestaufenthalt', 'Stunden', 'Übernachtung', 'Stunden', 'Übernachtungen', 'Sie', 'Preise', 'Reiseklasse Frühester', 'Hinflug Spätester', 'Rückflug Volle', 'Flexibilität Keine', 'Flüge', 'Uhr Nur', 'Flüge', 'Uhr Zeit', 'Volle Flexibilität', 'Freitag', 'Sonntag Samstag', 'Montag Samstag', 'Sonntag Wochenend', 'Optionen', 'Übernachtungen', 'Übernachtungen', 'Preis', 'Hin', 'Rückflug', 'Passagiere', 'Steuern', 'Gebühren', 'Zuschläge', 'Günstigster Preis', 'Gesamtpreis', 'Zurück Weiter', 'Lufthansa Surprise', 'Deal Vergleichen', 'Sie', 'Flugangebote', 'Frankfurt', 'Main', 'Für Details', 'Fläche', 'Diese Informationen', 'Gewähr', 'Impressum', 'Passagierrechte Datenschutz', 'Nutzungsbedingungen Kontakt']"
4,Ihre Auswahl,"Sie können 1 bis 42 Tage vor Reiseantritt buchen (Mindestaufenthalt 18 Stunden für eine Übernachtung und 36 Stunden für zwei Übernachtungen). Je flexibler Sie sind, desto günstiger sind die Preise.",,Sevilla | Stockholm | Billund | Athen | Neapel | Bergen | Reykjavik | Rhodos | Catania | Korfu | Trondheim,Einzelheiten | Ihre Auswahl | Lufthansa Surprise | Buchungsinformationen Sie | Preis | Der Preis | Ihr Ticket | Anzahl | Städte | Zeitparameter | Alle | Flüge | Nonstop | Flüge Sie | Tage | Abflug | Mindestaufenthalt | Stunden | Übernachtung | Stunden | Übernachtungen | Ihr Ziel | Ende | Buchungsprozesses | Sie Zeit | Ihre Reise | Vorbereitung | Bitte | Sie | Passagiere | Gültigkeit | Vollständigkeit | Flugziele | Reisedokumente | Mehr | Surprise Frankfurt | Main | Draußen | Hier | Sie | Destinationen | Ihre Reise | Sie | Preis | Sie | Destinationen | Deaktivieren Sie | Kontrollkästchen | Sie | Ziele | Ohne Ausschluss | Zielen | Sie | Preis | Sevilla Stockholm | Billund Athen | Neapel Bergen | Reykjavik Rhodos | Catania Korfu | Trondheim Geben | Sie Ihre | Reisedaten | Sie | Tage | Reiseantritt | Mindestaufenthalt | Stunden | Übernachtung | Stunden | Übernachtungen | Sie | Preise | Reiseklasse Frühester | Hinflug Spätester | Rückflug Volle | Flexibilität Keine | Flüge | Uhr Nur | Flüge | Uhr Zeit | Volle Flexibilität | Freitag | Sonntag Samstag | Montag Samstag | Sonntag Wochenend | Optionen | Übernachtungen | Übernachtungen | Preis | Hin | Rückflug | Passagiere | Steuern | Gebühren | Zuschläge | Günstigster Preis | Gesamtpreis | Zurück Weiter | Lufthansa Surprise | Deal Vergleichen | Sie | Flugangebote | Frankfurt | Main | Für Details | Fläche | Diese Informationen | Gewähr | Impressum | Passagierrechte Datenschutz | Nutzungsbedingungen Kontakt,,129.0,,"129,00",,,,True,Reykjavik,https://www.lufthansa-surprise.com/compose-trip,artifacts\screenshots\theme_04_ihre_auswahl_1785784067.png,"Unconfirmed city mentions in text (not bookable): ['Einzelheiten', 'Ihre Auswahl', 'Lufthansa Surprise', 'Buchungsinformationen Sie', 'Preis', 'Der Preis', 'Ihr Ticket', 'Anzahl', 'Städte', 'Zeitparameter', 'Alle', 'Flüge', 'Nonstop', 'Flüge Sie', 'Tage', 'Abflug', 'Mindestaufenthalt', 'Stunden', 'Übernachtung', 'Stunden', 'Übernachtungen', 'Ihr Ziel', 'Ende', 'Buchungsprozesses', 'Sie Zeit', 'Ihre Reise', 'Vorbereitung', 'Bitte', 'Sie', 'Passagiere', 'Gültigkeit', 'Vollständigkeit', 'Flugziele', 'Reisedokumente', 'Mehr', 'Surprise Frankfurt', 'Main', 'Draußen', 'Hier', 'Sie', 'Destinationen', 'Ihre Reise', 'Sie', 'Preis', 'Sie', 'Destinationen', 'Deaktivieren Sie', 'Kontrollkästchen', 'Sie', 'Ziele', 'Ohne Ausschluss', 'Zielen', 'Sie', 'Preis', 'Sevilla Stockholm', 'Billund Athen', 'Neapel Bergen', 'Reykjavik Rhodos', 'Catania Korfu', 'Trondheim Geben', 'Sie Ihre', 'Reisedaten', 'Sie', 'Tage', 'Reiseantritt', 'Mindestaufenthalt', 'Stunden', 'Übernachtung', 'Stunden', 'Übernachtungen', 'Sie', 'Preise', 'Reiseklasse Frühester', 'Hinflug Spätester', 'Rückflug Volle', 'Flexibilität Keine', 'Flüge', 'Uhr Nur', 'Flüge', 'Uhr Zeit', 'Volle Flexibilität', 'Freitag', 'Sonntag Samstag', 'Montag Samstag', 'Sonntag Wochenend', 'Optionen', 'Übernachtungen', 'Übernachtungen', 'Preis', 'Hin', 'Rückflug', 'Passagiere', 'Steuern', 'Gebühren', 'Zuschläge', 'Günstigster Preis', 'Gesamtpreis', 'Zurück Weiter', 'Lufthansa Surprise', 'Deal Vergleichen', 'Sie', 'Flugangebote', 'Frankfurt', 'Main', 'Für Details', 'Fläche', 'Diese Informationen', 'Gewähr', 'Impressum', 'Passagierrechte Datenschutz', 'Nutzungsbedingungen Kontakt']"
5,Ihre Auswahl,"Sie können 1 bis 42 Tage vor Reiseantritt buchen (Mindestaufenthalt 18 Stunden für eine Übernachtung und 36 Stunden für zwei Übernachtungen). Je flexibler Sie sind, desto günstiger sind die Preise.",,Paris | Bukarest | Nizza | Barcelona | Venedig | Zürich | Turin | Faro | Ljubljana,Einzelheiten | Ihre Auswahl | Lufthansa Surprise | Buchungsinformationen Sie | Preis | Der Preis | Ihr Ticket | Anzahl | Städte | Zeitparameter | Alle | Flüge | Nonstop | Flüge Sie | Tage | Abflug | Mindestaufenthalt | Stunden | Übernachtung | Stunden | Übernachtungen | Ihr Ziel | Ende | Buchungsprozesses | Sie Zeit | Ihre Reise | Vorbereitung | Bitte | Sie | Passagiere | Gültigkeit | Vollständigkeit | Flugziele | Reisedokumente | Mehr | Surprise Frankfurt | Main | Ganz | Hier | Sie | Destinationen | Ihre Reise | Sie | Preis | Sie | Destinationen | Deaktivieren Sie | Kontrollkästchen | Sie | Ziele | Ohne Ausschluss | Zielen | Sie | Preis | Paris Bukarest | Nizza Barcelona | Venedig Zürich | Turin Faro | Ljubljana Geben | Sie Ihre | Reisedaten | Sie | Tage | Reiseantritt | Mindestaufenthalt | Stunden | Übernachtung | Stunden | Übernachtungen | Sie | Preise | Reiseklasse Frühester | Hinflug Spätester | Rückflug Volle | Flexibilität Keine | Flüge | Uhr Nur | Flüge | Uhr Zeit | Volle Flexibilität | Freitag | Sonntag Samstag | Montag Samstag | Sonntag Wochenend | Optionen | Übernachtungen | Übernachtungen | Preis | Hin | Rückflug | Passagiere | Steuern | Gebühren | Zuschläge | Günstigster Preis | Gesamtpreis | Zurück Weiter | Lufthansa Surprise | Deal Vergleichen | Sie | Flugangebote | Frankfurt | Main | Für Details | Fläche | Diese Informationen | Gewähr | Impressum | Passagierrechte Datenschutz | Nutzungsbedingungen Kontakt,,139.0,,"139,00",,,,True,,https://www.lufthansa-surprise.com/compose-trip,artifacts\screenshots\theme_05_ihre_auswahl_1785784083.png,"Unconfirmed city mentions in text (not bookable): ['Einzelheiten', 'Ihre Auswahl', 'Lufthansa Surprise', 'Buchungsinformationen Sie', 'Preis', 'Der Preis', 'Ihr Ticket', 'Anzahl', 'Städte', 'Zeitparameter', 'Alle', 'Flüge', 'Nonstop', 'Flüge Sie', 'Tage', 'Abflug', 'Mindestaufenthalt', 'Stunden', 'Übernachtung', 'Stunden', 'Übernachtungen', 'Ihr Ziel', 'Ende', 'Buchungsprozesses', 'Sie Zeit', 'Ihre Reise', 'Vorbereitung', 'Bitte', 'Sie', 'Passagiere', 'Gültigkeit', 'Vollständigkeit', 'Flugziele', 'Reisedokumente', 'Mehr', 'Surprise Frankfurt', 'Main', 'Ganz', 'Hier', 'Sie', 'Destinationen', 'Ihre Reise', 'Sie', 'Preis', 'Sie', 'Destinationen', 'Deaktivieren Sie', 'Kontrollkästchen', 'Sie', 'Ziele', 'Ohne Ausschluss', 'Zielen', 'Sie', 'Preis', 'Paris Bukarest', 'Nizza Barcelona', 'Venedig Zürich', 'Turin Faro', 'Ljubljana Geben', 'Sie Ihre', 'Reisedaten', 'Sie', 'Tage', 'Reiseantritt', 'Mindestaufenthalt', 'Stunden', 'Übernachtung', 'Stunden', 'Übernachtungen', 'Sie', 'Preise', 'Reiseklasse Frühester', 'Hinflug Spätester', 'Rückflug Volle', 'Flexibilität Keine', 'Flüge', 'Uhr Nur', 'Flüge', 'Uhr Zeit', 'Volle Flexibilität', 'Freitag', 'Sonntag Samstag', 'Montag Samstag', 'Sonntag Wochenend', 'Optionen', 'Übernachtungen', 'Übernachtungen', 'Preis', 'Hin', 'Rückflug', 'Passagiere', 'Steuern', 'Gebühren', 'Zuschläge', 'Günstigster Preis', 'Gesamtpreis', 'Zurück Weiter', 'Lufthansa Surprise', 'Deal Vergleichen', 'Sie', 'Flugangebote', 'Frankfurt', 'Main', 'Für Details', 'Fläche', 'Diese Informationen', 'Gewähr', 'Impressum', 'Passagierrechte Datenschutz', 'Nutzungsbedingungen Kontakt']"
6,Ihre Auswahl,"Sie können 1 bis 42 Tage vor Reiseantritt buchen (Mindestaufenthalt 18 Stunden für eine Übernachtung und 36 Stunden für zwei Übernachtungen). Je flexibler Sie sind, desto günstiger sind die Preise.",,Istanbul | Belgrad | Lissabon | Genf | Kopenhagen | Rom | Split | Zadar | Verona | London | Kefallinia,Einzelheiten | Ihre Auswahl | Lufthansa Surprise | Buchungsinformationen Sie | Preis | Der Preis | Ihr Ticket | Anzahl | Städte | Zeitparameter | Alle | Flüge | Nonstop | Flüge Sie | Tage | Abflug | Mindestaufenthalt | Stunden | Übernachtung | Stunden | Übernachtungen | Ihr Ziel | Ende | Buchungsprozesses | Sie Zeit | Ihre Reise | Vorbereitung | Bitte | Sie | Passagiere | Gültigkeit | Vollständigkeit | Flugziele | Reisedokumente | Mehr | Surprise Frankfurt | Main | Shoppen | Ende Hier | Sie | Destinationen | Ihre Reise | Sie | Preis | Sie | Destinationen | Deaktivieren Sie | Kontrollkästchen | Sie | Ziele | Ohne Ausschluss | Zielen | Sie | Preis | Istanbul Belgrad | Lissabon Genf | Kopenhagen Rom | Split Zadar | Verona London | Kefallinia Geben | Sie Ihre | Reisedaten | Sie | Tage | Reiseantritt | Mindestaufenthalt | Stunden | Übernachtung | Stunden | Übernachtungen | Sie | Preise | Reiseklasse Frühester | Hinflug Spätester | Rückflug Volle | Flexibilität Keine | Flüge | Uhr Nur | Flüge | Uhr Zeit | Volle Flexibilität | Freitag | Sonntag Samstag | Montag Samstag | Sonntag Wochenend | Optionen | Übernachtungen | Übernachtungen | Preis | Hin | Rückflug | Passagiere | Steuern | Gebühren | Zuschläge | Günstigster Preis | Gesamtpreis | Zurück Weiter | Lufthansa Surprise | Deal Vergleichen | Sie | Flugangebote | Frankfurt | Main | Für Details | Fläche | Diese Informationen | Gewähr | Impressum | Passagierrechte Datenschutz | Nutzungsbedingungen Kontakt,,139.0,,"139,00",,,,True,Kopenhagen,https://www.lufthansa-surprise.com/compose-trip,artifacts\screenshots\theme_06_ihre_auswahl_1785784097.png,"Unconfirmed city mentions in text (not bookable): ['Einzelheiten', 'Ihre Auswahl', 'Lufthansa Surprise', 'Buchungsinformationen Sie', 'Preis', 'Der Preis', 'Ihr Ticket', 'Anzahl', 'Städte', 'Zeitparameter', 'Alle', 'Flüge', 'Nonstop', 'Flüge Sie', 'Tage', 'Abflug', 'Mindestaufenthalt', 'Stunden', 'Übernachtung', 'Stunden', 'Übernachtungen', 'Ihr Ziel', 'Ende', 'Buchungsprozesses', 'Sie Zeit', 'Ihre Reise', 'Vorbereitung', 'Bitte', 'Sie', 'Passagiere', 'Gültigkeit', 'Vollständigkeit', 'Flugziele', 'Reisedokumente', 'Mehr', 'Surprise Frankfurt', 'Main', 'Shoppen', 'Ende Hier', 'Sie', 'Destinationen', 'Ihre Reise', 'Sie', 'Preis', 'Sie', 'Destinationen', 'Deaktivieren Sie', 'Kontrollkästchen', 'Sie', 'Ziele', 'Ohne Ausschluss', 'Zielen', 'Sie', 'Preis', 'Istanbul Belgrad', 'Lissabon Genf', 'Kopenhagen Rom', 'Split Zadar', 'Verona London', 'Kefallinia Geben', 'Sie Ihre', 'Reisedaten', 'Sie', 'Tage', 'Reiseantritt', 'Mindestaufenthalt', 'Stunden', 'Übernachtung', 'Stunden', 'Übernachtungen', 'Sie', 'Preise', 'Reiseklasse Frühester', 'Hinflug Spätester', 'Rückflug Volle', 'Flexibilität Keine', 'Flüge', 'Uhr Nur', 'Flüge', 'Uhr Zeit', 'Volle Flexibilität', 'Freitag', 'Sonntag Samstag', 'Montag Samstag', 'Sonntag Wochenend', 'Optionen', 'Übernachtungen', 'Übernachtungen', 'Preis', 'Hin', 'Rückflug', 'Passagiere', 'Steuern', 'Gebühren', 'Zuschläge', 'Günstigster Preis', 'Gesamtpreis', 'Zurück Weiter', 'Lufthansa Surprise', 'Deal Vergleichen', 'Sie', 'Flugangebote', 'Frankfurt', 'Main', 'Für Details', 'Fläche', 'Diese Informationen', 'Gewähr', 'Impressum', 'Passagierrechte Datenschutz', 'Nutzungsbedingungen Kontakt']"
7,Ihre Auswahl,"Sie können 1 bis 42 Tage vor Reiseantritt buchen (Mindestaufenthalt 18 Stunden für eine Übernachtung und 36 Stunden für zwei Übernachtungen). Je flexibler Sie sind, desto günstiger sind die Preise.",,Brüssel | Budapest | Marseille | Manchester | Lyon | Zagreb | Bari | Brindisi | Monastir | Varna,Einzelheiten | Ihre Auswahl | Lufthansa Surprise | Buchungsinformationen Sie | Preis | Der Preis | Ihr Ticket | Anzahl | Städte | Zeitparameter | Alle | Flüge | Nonstop | Flüge Sie | Tage | Abflug | Mindestaufenthalt | Stunden | Übernachtung | Stunden | Übernachtungen | Ihr Ziel | Ende | Buchungsprozesses | Sie Zeit | Ihre Reise | Vorbereitung | Bitte | Sie | Passagiere | Gültigkeit | Vollständigkeit | Flugziele | Reisedokumente | Mehr | Surprise Frankfurt | Main | Abenteuer Stadt | Hier | Sie | Destinationen | Ihre Reise | Sie | Preis | Sie | Destinationen | Deaktivieren Sie | Kontrollkästchen | Sie | Ziele | Ohne Ausschluss | Zielen | Sie | Preis | Brüssel Budapest | Marseille Manchester | Lyon Zagreb | Bari Brindisi | Monastir Varna | Geben Sie | Ihre Reisedaten | Sie | Tage | Reiseantritt | Mindestaufenthalt | Stunden | Übernachtung | Stunden | Übernachtungen | Sie | Preise | Reiseklasse Frühester | Hinflug Spätester | Rückflug Volle | Flexibilität Keine | Flüge | Uhr Nur | Flüge | Uhr Zeit | Volle Flexibilität | Freitag | Sonntag Samstag | Montag Samstag | Sonntag Wochenend | Optionen | Übernachtungen | Übernachtungen | Preis | Hin | Rückflug | Passagiere | Steuern | Gebühren | Zuschläge | Günstigster Preis | Gesamtpreis | Zurück Weiter | Lufthansa Surprise | Deal Vergleichen | Sie | Flugangebote | Frankfurt | Main | Für Details | Fläche | Diese Informationen | Gewähr | Impressum | Passagierrechte Datenschutz | Nutzungsbedingungen Kontakt,,159.0,,"159,00",,,,True,,https://www.lufthansa-surprise.com/compose-trip,artifacts\screenshots\theme_07_ihre_auswahl_1785784111.png,"Unconfirmed city mentions in text (not bookable): ['Einzelheiten', 'Ihre Auswahl', 'Lufthansa Surprise', 'Buchungsinformationen Sie', 'Preis', 'Der Preis', 'Ihr Ticket', 'Anzahl', 'Städte', 'Zeitparameter', 'Alle', 'Flüge', 'Nonstop', 'Flüge Sie', 'Tage', 'Abflug', 'Mindestaufenthalt', 'Stunden', 'Übernachtung', 'Stunden', 'Übernachtungen', 'Ihr Ziel', 'Ende', 'Buchungsprozesses', 'Sie Zeit', 'Ihre Reise', 'Vorbereitung', 'Bitte', 'Sie', 'Passagiere', 'Gültigkeit', 'Vollständigkeit', 'Flugziele', 'Reisedokumente', 'Mehr', 'Surprise Frankfurt', 'Main', 'Abenteuer Stadt', 'Hier', 'Sie', 'Destinationen', 'Ihre Reise', 'Sie', 'Preis', 'Sie', 'Destinationen', 'Deaktivieren Sie', 'Kontrollkästchen', 'Sie', 'Ziele', 'Ohne Ausschluss', 'Zielen', 'Sie', 'Preis', 'Brüssel Budapest', 'Marseille Manchester', 'Lyon Zagreb', 'Bari Brindisi', 'Monastir Varna', 'Geben Sie', 'Ihre Reisedaten', 'Sie', 'Tage', 'Reiseantritt', 'Mindestaufenthalt', 'Stunden', 'Übernachtung', 'Stunden', 'Übernachtungen', 'Sie', 'Preise', 'Reiseklasse Frühester', 'Hinflug Spätester', 'Rückflug Volle', 'Flexibilität Keine', 'Flüge', 'Uhr Nur', 'Flüge', 'Uhr Zeit', 'Volle Flexibilität', 'Freitag', 'Sonntag Samstag', 'Montag Samstag', 'Sonntag Wochenend', 'Optionen', 'Übernachtungen', 'Übernachtungen', 'Preis', 'Hin', 'Rückflug', 'Passagiere', 'Steuern', 'Gebühren', 'Zuschläge', 'Günstigster Preis', 'Gesamtpreis', 'Zurück Weiter', 'Lufthansa Surprise', 'Deal Vergleichen', 'Sie', 'Flugangebote', 'Frankfurt', 'Main', 'Für Details', 'Fläche', 'Diese Informationen', 'Gewähr', 'Impressum', 'Passagierrechte Datenschutz', 'Nutzungsbedingungen Kontakt']"
8,Ihre Auswahl,"Sie können 1 bis 42 Tage vor Reiseantritt buchen (Mindestaufenthalt 18 Stunden für eine Übernachtung und 36 Stunden für zwei Übernachtungen). Je flexibler Sie sind, desto günstiger sind die Preise.",,Salzburg | Birmingham | Larnaca | Nantes | München | Westerland | Leipzig | Burgas | Chania | Kos,Einzelheiten | Ihre Auswahl | Lufthansa Surprise | Buchungsinformationen Sie | Preis | Der Preis | Ihr Ticket | Anzahl | Städte | Zeitparameter | Alle | Flüge | Nonstop | Flüge Sie | Tage | Abflug | Mindestaufenthalt | Stunden | Übernachtung | Stunden | Übernachtungen | Ihr Ziel | Ende | Buchungsprozesses | Sie Zeit | Ihre Reise | Vorbereitung | Bitte | Sie | Passagiere | Gültigkeit | Vollständigkeit | Flugziele | Reisedokumente | Mehr | Surprise Frankfurt | Main | Party | Nightlife Hier | Sie | Destinationen | Ihre Reise | Sie | Preis | Sie | Destinationen | Deaktivieren Sie | Kontrollkästchen | Sie | Ziele | Ohne Ausschluss | Zielen | Sie | Preis | Salzburg Birmingham | Larnaca Nantes | München Westerland | Leipzig Burgas | Chania Kos | Geben Sie | Ihre Reisedaten | Sie | Tage | Reiseantritt | Mindestaufenthalt | Stunden | Übernachtung | Stunden | Übernachtungen | Sie | Preise | Reiseklasse Frühester | Hinflug Spätester | Rückflug Volle | Flexibilität Keine | Flüge | Uhr Nur | Flüge | Uhr Zeit | Volle Flexibilität | Freitag | Sonntag Samstag | Montag Samstag | Sonntag Wochenend | Optionen | Übernachtungen | Übernachtungen | Preis | Hin | Rückflug | Passagiere | Steuern | Gebühren | Zuschläge | Günstigster Preis | Gesamtpreis | Zurück Weiter | Lufthansa Surprise | Deal Vergleichen | Sie | Flugangebote | Frankfurt | Main | Für Details | Fläche | Diese Informationen | Gewähr | Impressum | Passagierrechte Datenschutz | Nutzungsbedingungen Kontakt,,179.0,,"179,00",,,,True,,https://www.lufthansa-surprise.com/compose-trip,artifacts\screenshots\theme_08_ihre_auswahl_1785784124.png,"Unconfirmed city mentions in text (not bookable): ['Einzelheiten', 'Ihre Auswahl', 'Lufthansa Surprise', 'Buchungsinformationen Sie', 'Preis', 'Der Preis', 'Ihr Ticket', 'Anzahl', 'Städte', 'Zeitparameter', 'Alle', 'Flüge', 'Nonstop', 'Flüge Sie', 'Tage', 'Abflug', 'Mindestaufenthalt', 'Stunden', 'Übernachtung', 'Stunden', 'Übernachtungen', 'Ihr Ziel', 'Ende', 'Buchungsprozesses', 'Sie Zeit', 'Ihre Reise', 'Vorbereitung', 'Bitte', 'Sie', 'Passagiere', 'Gültigkeit', 'Vollständigkeit', 'Flugziele', 'Reisedokumente', 'Mehr', 'Surprise Frankfurt', 'Main', 'Party', 'Nightlife Hier', 'Sie', 'Destinationen', 'Ihre Reise', 'Sie', 'Preis', 'Sie', 'Destinationen', 'Deaktivieren Sie', 'Kontrollkästchen', 'Sie', 'Ziele', 'Ohne Ausschluss', 'Zielen', 'Sie', 'Preis', 'Salzburg Birmingham', 'Larnaca Nantes', 'München Westerland', 'Leipzig Burgas', 'Chania Kos', 'Geben Sie', 'Ihre Reisedaten', 'Sie', 'Tage', 'Reiseantritt', 'Mindestaufenthalt', 'Stunden', 'Übernachtung', 'Stunden', 'Übernachtungen', 'Sie', 'Preise', 'Reiseklasse Frühester', 'Hinflug Spätester', 'Rückflug Volle', 'Flexibilität Keine', 'Flüge', 'Uhr Nur', 'Flüge', 'Uhr Zeit', 'Volle Flexibilität', 'Freitag', 'Sonntag Samstag', 'Montag Samstag', 'Sonntag Wochenend', 'Optionen', 'Übernachtungen', 'Übernachtungen', 'Preis', 'Hin', 'Rückflug', 'Passagiere', 'Steuern', 'Gebühren', 'Zuschläge', 'Günstigster Preis', 'Gesamtpreis', 'Zurück Weiter', 'Lufthansa Surprise', 'Deal Vergleichen', 'Sie', 'Flugangebote', 'Frankfurt', 'Main', 'Für Details', 'Fläche', 'Diese Informationen', 'Gewähr', 'Impressum', 'Passagierrechte Datenschutz', 'Nutzungsbedingungen Kontakt']"
